wavelength_nm,glass_diffuse_reflectance,glass_diffuse_transmittance,glass_reflectance_percent,glass_transmittance_percent,source_R_file,source_T_file
350.0,0.033,0.032,3.3,3.2,inputs/511/Glass-R-D.txt,inputs/511/Glass-T-D.txt
350.5,0.033,0.032,3.3,3.2,inputs/511/Glass-R-D.txt,inputs/511/Glass-T-D.txt
351.0,0.033,0.032,3.3,3.2,inputs/511/Glass-R-D.txt,inputs/511/Glass-T-D.txt
351.5,0.033,0.031,3.3,3.1,inputs/511/Glass-R-D.txt,inputs/511/Glass-T-D.txt
352.0,0.033,0.031,3.3,3.1,inputs/511/Glass-R-D.txt,inputs/511/Glass-T-D.txt
352.5,0.033,0.031,3.3,3.1,inputs/511/Glass-R-D.txt,inputs/511/Glass-T-D.txt
353.0,0.032,0.031,3.2,3.1,inputs/511/Glass-R-D.txt,inputs/511/Glass-T-D.txt
353.5,0.032,0.031,3.2,3.1,inputs/511/Glass-R-D.txt,inputs/511/Glass-T-D.txt
354.0,0.032,0.031,3.2,3.1,inputs/511/Glass-R-D.txt,inputs/511/Glass-T-D.txt
354.5,0.032,0.031,3.2,3.1,inputs/511/Glass-R-D.txt,inputs/511/Glass-T-D.txt
355.0,0.032,0.031,3.2,3.1,inputs/511/Glass-R-D.txt,inputs/511/Glass-T-D.txt
355.5,0.032,0.031,3.2,3.1,inputs/511/Glass-R-D.txt,inputs/511/Glass-T-D.txt
356.0,0.031,0.031,3.1,3.1,inputs/511/Glass-R-D.txt,inputs/511/Glass-T-D.txt
356.5,0.031,0.03,3.1,3,inputs/511/Glass-R-D.txt,inputs/511/Glass-T-D.txt
357.0,0.031,0.03,3.1,3,inputs/511/Glass-R-D.txt,inputs/511/Glass-T-D.txt
357.5,0.031,0.03,3.1,3,inputs/511/Glass-R-D.txt,inputs/511/Glass-T-D.txt
358.0,0.031,0.03,3.1,3,inputs/511/Glass-R-D.txt,inputs/511/Glass-T-D.txt
358.5,0.031,0.03,3.1,3,inputs/511/Glass-R-D.txt,inputs/511/Glass-T-D.txt
359.0,0.031,0.03,3.1,3,inputs/511/Glass-R-D.txt,inputs/511/Glass-T-D.txt
359.5,0.031,0.029,3.1,2.9,inputs/511/Glass-R-D.txt,inputs/511/Glass-T-D.txt
360.0,0.03,0.029,3,2.9,inputs/511/Glass-R-D.txt,inputs/511/Glass-T-D.txt
360.5,0.03,0.029,3,2.9,inputs/511/Glass-R-D.txt,inputs/511/Glass-T-D.txt
361.0,0.03,0.029,3,2.9,inputs/511/Glass-R-D.txt,inputs/511/Glass-T-D.txt
361.5,0.03,0.029,3,2.9,inputs/511/Glass-R-D.txt,inputs/511/Glass-T-D.txt
362.0,0.03,0.028,3,2.8,inputs/511/Glass-R-D.txt,inputs/511/Glass-T-D.txt
362.5,0.029,0.028,2.9,2.8,inputs/511/Glass-R-D.txt,inputs/511/Glass-T-D.txt
363.0,0.029,0.028,2.9,2.8,inputs/511/Glass-R-D.txt,inputs/511/Glass-T-D.txt
363.5,0.029,0.028,2.9,2.8,inputs/511/Glass-R-D.txt,inputs/511/Glass-T-D.txt
364.0,0.029,0.028,2.9,2.8,inputs/511/Glass-R-D.txt,inputs/511/Glass-T-D.txt
364.5,0.028,0.027,2.8,2.7,inputs/511/Glass-R-D.txt,inputs/511/Glass-T-D.txt
365.0,0.028,0.027,2.8,2.7,inputs/511/Glass-R-D.txt,inputs/511/Glass-T-D.txt
365.5,0.028,0.027,2.8,2.7,inputs/511/Glass-R-D.txt,inputs/511/Glass-T-D.txt
366.0,0.028,0.027,2.8,2.7,inputs/511/Glass-R-D.txt,inputs/511/Glass-T-D.txt
366.5,0.027,0.026,2.7,2.6,inputs/511/Glass-R-D.txt,inputs/511/Glass-T-D.txt
367.0,0.027,0.026,2.7,2.6,inputs/511/Glass-R-D.txt,inputs/511/Glass-T-D.txt
367.5,0.027,0.026,2.7,2.6,inputs/511/Glass-R-D.txt,inputs/511/Glass-T-D.txt
368.0,0.026,0.026,2.6,2.6,inputs/511/Glass-R-D.txt,inputs/511/Glass-T-D.txt
368.5,0.026,0.025,2.6,2.5,inputs/511/Glass-R-D.txt,inputs/511/Glass-T-D.txt
369.0,0.026,0.025,2.6,2.5,inputs/511/Glass-R-D.txt,inputs/511/Glass-T-D.txt
369.5,0.025,0.025,2.5,2.5,inputs/511/Glass-R-D.txt,inputs/511/Glass-T-D.txt
370.0,0.025,0.024,2.5,2.4,inputs/511/Glass-R-D.txt,inputs/511/Glass-T-D.txt
370.5,0.024,0.024,2.4,2.4,inputs/511/Glass-R-D.txt,inputs/511/Glass-T-D.txt
371.0,0.024,0.024,2.4,2.4,inputs/511/Glass-R-D.txt,inputs/511/Glass-T-D.txt
371.5,0.02,0.02,2,2,inputs/511/Glass-R-D.txt,inputs/511/Glass-T-D.txt
372.0,0.017,0.016,1.7,1.6,inputs/511/Glass-R-D.txt,inputs/511/Glass-T-D.txt
372.5,0.013,0.013,1.3,1.3,inputs/511/Glass-R-D.txt,inputs/511/Glass-T-D.txt
373.0,0.009,0.009,0.9,0.9,inputs/511/Glass-R-D.txt,inputs/511/Glass-T-D.txt
373.5,0.006,0.006,0.6,0.6,inputs/511/Glass-R-D.txt,inputs/511/Glass-T-D.txt
374.0,0.006,0.006,0.6,0.6,inputs/511/Glass-R-D.txt,inputs/511/Glass-T-D.txt
374.5,0.006,0.006,0.6,0.6,inputs/511/Glass-R-D.txt,inputs/511/Glass-T-D.txt
375.0,0.006,0.006,0.6,0.6,inputs/511/Glass-R-D.txt,inputs/511/Glass-T-D.txt
375.5,0.006,0.006,0.6,0.6,inputs/511/Glass-R-D.txt,inputs/511/Glass-T-D.txt
376.0,0.006,0.006,0.6,0.6,inputs/511/Glass-R-D.txt,inputs/511/Glass-T-D.txt
376.5,0.006,0.006,0.6,0.6,inputs/511/Glass-R-D.txt,inputs/511/Glass-T-D.txt
377.0,0.006,0.006,0.6,0.6,inputs/511/Glass-R-D.txt,inputs/511/Glass-T-D.txt
377.5,0.006,0.006,0.6,0.6,inputs/511/Glass-R-D.txt,inputs/511/Glass-T-D.txt
378.0,0.006,0.006,0.6,0.6,inputs/511/Glass-R-D.txt,inputs/511/Glass-T-D.txt
378.5,0.006,0.006,0.6,0.6,inputs/511/Glass-R-D.txt,inputs/511/Glass-T-D.txt
379.0,0.006,0.006,0.6,0.6,inputs/511/Glass-R-D.txt,inputs/511/Glass-T-D.txt
379.5,0.006,0.006,0.6,0.6,inputs/511/Glass-R-D.txt,inputs/511/Glass-T-D.txt
380.0,0.006,0.006,0.6,0.6,inputs/511/Glass-R-D.txt,inputs/511/Glass-T-D.txt
380.5,0.006,0.006,0.6,0.6,inputs/511/Glass-R-D.txt,inputs/511/Glass-T-D.txt
381.0,0.006,0.006,0.6,0.6,inputs/511/Glass-R-D.txt,inputs/511/Glass-T-D.txt
381.5,0.006,0.006,0.6,0.6,inputs/511/Glass-R-D.txt,inputs/511/Glass-T-D.txt
382.0,0.006,0.006,0.6,0.6,inputs/511/Glass-R-D.txt,inputs/511/Glass-T-D.txt
382.5,0.006,0.006,0.6,0.6,inputs/511/Glass-R-D.txt,inputs/511/Glass-T-D.txt
383.0,0.006,0.006,0.6,0.6,inputs/511/Glass-R-D.txt,inputs/511/Glass-T-D.txt
383.5,0.006,0.006,0.6,0.6,inputs/511/Glass-R-D.txt,inputs/511/Glass-T-D.txt
384.0,0.006,0.006,0.6,0.6,inputs/511/Glass-R-D.txt,inputs/511/Glass-T-D.txt
384.5,0.006,0.006,0.6,0.6,inputs/511/Glass-R-D.txt,inputs/511/Glass-T-D.txt
385.0,0.006,0.006,0.6,0.6,inputs/511/Glass-R-D.txt,inputs/511/Glass-T-D.txt
385.5,0.006,0.006,0.6,0.6,inputs/511/Glass-R-D.txt,inputs/511/Glass-T-D.txt
386.0,0.006,0.006,0.6,0.6,inputs/511/Glass-R-D.txt,inputs/511/Glass-T-D.txt
386.5,0.006,0.006,0.6,0.6,inputs/511/Glass-R-D.txt,inputs/511/Glass-T-D.txt
387.0,0.005,0.006,0.5,0.6,inputs/511/Glass-R-D.txt,inputs/511/Glass-T-D.txt
387.5,0.005,0.006,0.5,0.6,inputs/511/Glass-R-D.txt,inputs/511/Glass-T-D.txt
388.0,0.005,0.006,0.5,0.6,inputs/511/Glass-R-D.txt,inputs/511/Glass-T-D.txt
388.5,0.005,0.006,0.5,0.6,inputs/511/Glass-R-D.txt,inputs/511/Glass-T-D.txt
389.0,0.005,0.006,0.5,0.6,inputs/511/Glass-R-D.txt,inputs/511/Glass-T-D.txt
389.5,0.005,0.006,0.5,0.6,inputs/511/Glass-R-D.txt,inputs/511/Glass-T-D.txt
390.0,0.005,0.006,0.5,0.6,inputs/511/Glass-R-D.txt,inputs/511/Glass-T-D.txt
390.5,0.005,0.006,0.5,0.6,inputs/511/Glass-R-D.txt,inputs/511/Glass-T-D.txt
391.0,0.005,0.005,0.5,0.5,inputs/511/Glass-R-D.txt,inputs/511/Glass-T-D.txt
391.5,0.005,0.005,0.5,0.5,inputs/511/Glass-R-D.txt,inputs/511/Glass-T-D.txt
392.0,0.005,0.005,0.5,0.5,inputs/511/Glass-R-D.txt,inputs/511/Glass-T-D.txt
392.5,0.005,0.005,0.5,0.5,inputs/511/Glass-R-D.txt,inputs/511/Glass-T-D.txt
393.0,0.005,0.005,0.5,0.5,inputs/511/Glass-R-D.txt,inputs/511/Glass-T-D.txt
393.5,0.005,0.005,0.5,0.5,inputs/511/Glass-R-D.txt,inputs/511/Glass-T-D.txt
394.0,0.005,0.005,0.5,0.5,inputs/511/Glass-R-D.txt,inputs/511/Glass-T-D.txt
394.5,0.005,0.005,0.5,0.5,inputs/511/Glass-R-D.txt,inputs/511/Glass-T-D.txt
395.0,0.005,0.005,0.5,0.5,inputs/511/Glass-R-D.txt,inputs/511/Glass-T-D.txt
395.5,0.005,0.005,0.5,0.5,inputs/511/Glass-R-D.txt,inputs/511/Glass-T-D.txt
396.0,0.005,0.005,0.5,0.5,inputs/511/Glass-R-D.txt,inputs/511/Glass-T-D.txt
396.5,0.005,0.005,0.5,0.5,inputs/511/Glass-R-D.txt,inputs/511/Glass-T-D.txt
397.0,0.005,0.005,0.5,0.5,inputs/511/Glass-R-D.txt,inputs/511/Glass-T-D.txt
397.5,0.005,0.005,0.5,0.5,inputs/511/Glass-R-D.txt,inputs/511/Glass-T-D.txt
398.0,0.005,0.005,0.5,0.5,inputs/511/Glass-R-D.txt,inputs/511/Glass-T-D.txt
398.5,0.005,0.005,0.5,0.5,inputs/511/Glass-R-D.txt,inputs/511/Glass-T-D.txt
399.0,0.005,0.005,0.5,0.5,inputs/511/Glass-R-D.txt,inputs/511/Glass-T-D.txt
399.5,0.005,0.005,0.5,0.5,inputs/511/Glass-R-D.txt,inputs/511/Glass-T-D.txt
400.0,0.005,0.005,0.5,0.5,inputs/511/Glass-R-D.txt,inputs/511/Glass-T-D.txt
400.5,0.005,0.005,0.5,0.5,inputs/511/Glass-R-D.txt,inputs/511/Glass-T-D.txt
401.0,0.005,0.005,0.5,0.5,inputs/511/Glass-R-D.txt,inputs/511/Glass-T-D.txt
401.5,0.005,0.005,0.5,0.5,inputs/511/Glass-R-D.txt,inputs/511/Glass-T-D.txt
402.0,0.005,0.005,0.5,0.5,inputs/511/Glass-R-D.txt,inputs/511/Glass-T-D.txt
402.5,0.005,0.005,0.5,0.5,inputs/511/Glass-R-D.txt,inputs/511/Glass-T-D.txt
403.0,0.005,0.005,0.5,0.5,inputs/511/Glass-R-D.txt,inputs/511/Glass-T-D.txt
403.5,0.005,0.005,0.5,0.5,inputs/511/Glass-R-D.txt,inputs/511/Glass-T-D.txt
404.0,0.005,0.005,0.5,0.5,inputs/511/Glass-R-D.txt,inputs/511/Glass-T-D.txt
404.5,0.005,0.005,0.5,0.5,inputs/511/Glass-R-D.txt,inputs/511/Glass-T-D.txt
405.0,0.005,0.005,0.5,0.5,inputs/511/Glass-R-D.txt,inputs/511/Glass-T-D.txt
405.5,0.005,0.005,0.5,0.5,inputs/511/Glass-R-D.txt,inputs/511/Glass-T-D.txt
406.0,0.005,0.005,0.5,0.5,inputs/511/Glass-R-D.txt,inputs/511/Glass-T-D.txt
406.5,0.005,0.005,0.5,0.5,inputs/511/Glass-R-D.txt,inputs/511/Glass-T-D.txt
407.0,0.005,0.005,0.5,0.5,inputs/511/Glass-R-D.txt,inputs/511/Glass-T-D.txt
407.5,0.005,0.005,0.5,0.5,inputs/511/Glass-R-D.txt,inputs/511/Glass-T-D.txt
408.0,0.005,0.005,0.5,0.5,inputs/511/Glass-R-D.txt,inputs/511/Glass-T-D.txt
408.5,0.005,0.005,0.5,0.5,inputs/511/Glass-R-D.txt,inputs/511/Glass-T-D.txt
409.0,0.005,0.005,0.5,0.5,inputs/511/Glass-R-D.txt,inputs/511/Glass-T-D.txt
409.5,0.005,0.005,0.5,0.5,inputs/511/Glass-R-D.txt,inputs/511/Glass-T-D.txt
410.0,0.005,0.005,0.5,0.5,inputs/511/Glass-R-D.txt,inputs/511/Glass-T-D.txt
410.5,0.005,0.005,0.5,0.5,inputs/511/Glass-R-D.txt,inputs/511/Glass-T-D.txt
411.0,0.005,0.005,0.5,0.5,inputs/511/Glass-R-D.txt,inputs/511/Glass-T-D.txt
411.5,0.005,0.005,0.5,0.5,inputs/511/Glass-R-D.txt,inputs/511/Glass-T-D.txt
412.0,0.005,0.005,0.5,0.5,inputs/511/Glass-R-D.txt,inputs/511/Glass-T-D.txt
412.5,0.005,0.005,0.5,0.5,inputs/511/Glass-R-D.txt,inputs/511/Glass-T-D.txt
413.0,0.005,0.005,0.5,0.5,inputs/511/Glass-R-D.txt,inputs/511/Glass-T-D.txt
413.5,0.005,0.005,0.5,0.5,inputs/511/Glass-R-D.txt,inputs/511/Glass-T-D.txt
414.0,0.005,0.005,0.5,0.5,inputs/511/Glass-R-D.txt,inputs/511/Glass-T-D.txt
414.5,0.005,0.005,0.5,0.5,inputs/511/Glass-R-D.txt,inputs/511/Glass-T-D.txt
415.0,0.005,0.005,0.5,0.5,inputs/511/Glass-R-D.txt,inputs/511/Glass-T-D.txt
415.5,0.005,0.005,0.5,0.5,inputs/511/Glass-R-D.txt,inputs/511/Glass-T-D.txt
416.0,0.005,0.005,0.5,0.5,inputs/511/Glass-R-D.txt,inputs/511/Glass-T-D.txt
416.5,0.005,0.006,0.5,0.6,inputs/511/Glass-R-D.txt,inputs/511/Glass-T-D.txt
417.0,0.005,0.006,0.5,0.6,inputs/511/Glass-R-D.txt,inputs/511/Glass-T-D.txt
417.5,0.006,0.006,0.6,0.6,inputs/511/Glass-R-D.txt,inputs/511/Glass-T-D.txt
418.0,0.006,0.006,0.6,0.6,inputs/511/Glass-R-D.txt,inputs/511/Glass-T-D.txt
418.5,0.006,0.006,0.6,0.6,inputs/511/Glass-R-D.txt,inputs/511/Glass-T-D.txt
419.0,0.006,0.006,0.6,0.6,inputs/511/Glass-R-D.txt,inputs/511/Glass-T-D.txt
419.5,0.006,0.006,0.6,0.6,inputs/511/Glass-R-D.txt,inputs/511/Glass-T-D.txt
420.0,0.006,0.006,0.6,0.6,inputs/511/Glass-R-D.txt,inputs/511/Glass-T-D.txt
420.5,0.006,0.006,0.6,0.6,inputs/511/Glass-R-D.txt,inputs/511/Glass-T-D.txt
421.0,0.006,0.006,0.6,0.6,inputs/511/Glass-R-D.txt,inputs/511/Glass-T-D.txt
421.5,0.006,0.006,0.6,0.6,inputs/511/Glass-R-D.txt,inputs/511/Glass-T-D.txt
422.0,0.006,0.006,0.6,0.6,inputs/511/Glass-R-D.txt,inputs/511/Glass-T-D.txt
422.5,0.005,0.006,0.5,0.6,inputs/511/Glass-R-D.txt,inputs/511/Glass-T-D.txt
423.0,0.006,0.006,0.6,0.6,inputs/511/Glass-R-D.txt,inputs/511/Glass-T-D.txt
423.5,0.005,0.006,0.5,0.6,inputs/511/Glass-R-D.txt,inputs/511/Glass-T-D.txt
424.0,0.005,0.006,0.5,0.6,inputs/511/Glass-R-D.txt,inputs/511/Glass-T-D.txt
424.5,0.005,0.006,0.5,0.6,inputs/511/Glass-R-D.txt,inputs/511/Glass-T-D.txt
425.0,0.005,0.006,0.5,0.6,inputs/511/Glass-R-D.txt,inputs/511/Glass-T-D.txt
425.5,0.005,0.006,0.5,0.6,inputs/511/Glass-R-D.txt,inputs/511/Glass-T-D.txt
426.0,0.005,0.006,0.5,0.6,inputs/511/Glass-R-D.txt,inputs/511/Glass-T-D.txt
426.5,0.005,0.006,0.5,0.6,inputs/511/Glass-R-D.txt,inputs/511/Glass-T-D.txt
427.0,0.005,0.006,0.5,0.6,inputs/511/Glass-R-D.txt,inputs/511/Glass-T-D.txt
427.5,0.005,0.006,0.5,0.6,inputs/511/Glass-R-D.txt,inputs/511/Glass-T-D.txt
428.0,0.005,0.006,0.5,0.6,inputs/511/Glass-R-D.txt,inputs/511/Glass-T-D.txt
428.5,0.005,0.006,0.5,0.6,inputs/511/Glass-R-D.txt,inputs/511/Glass-T-D.txt
429.0,0.005,0.006,0.5,0.6,inputs/511/Glass-R-D.txt,inputs/511/Glass-T-D.txt
429.5,0.005,0.006,0.5,0.6,inputs/511/Glass-R-D.txt,inputs/511/Glass-T-D.txt
430.0,0.005,0.006,0.5,0.6,inputs/511/Glass-R-D.txt,inputs/511/Glass-T-D.txt
430.5,0.005,0.006,0.5,0.6,inputs/511/Glass-R-D.txt,inputs/511/Glass-T-D.txt
431.0,0.005,0.006,0.5,0.6,inputs/511/Glass-R-D.txt,inputs/511/Glass-T-D.txt
431.5,0.005,0.006,0.5,0.6,inputs/511/Glass-R-D.txt,inputs/511/Glass-T-D.txt
432.0,0.005,0.006,0.5,0.6,inputs/511/Glass-R-D.txt,inputs/511/Glass-T-D.txt
432.5,0.005,0.006,0.5,0.6,inputs/511/Glass-R-D.txt,inputs/511/Glass-T-D.txt
433.0,0.005,0.006,0.5,0.6,inputs/511/Glass-R-D.txt,inputs/511/Glass-T-D.txt
433.5,0.005,0.006,0.5,0.6,inputs/511/Glass-R-D.txt,inputs/511/Glass-T-D.txt
434.0,0.005,0.006,0.5,0.6,inputs/511/Glass-R-D.txt,inputs/511/Glass-T-D.txt
434.5,0.005,0.006,0.5,0.6,inputs/511/Glass-R-D.txt,inputs/511/Glass-T-D.txt
435.0,0.005,0.006,0.5,0.6,inputs/511/Glass-R-D.txt,inputs/511/Glass-T-D.txt
435.5,0.005,0.006,0.5,0.6,inputs/511/Glass-R-D.txt,inputs/511/Glass-T-D.txt
436.0,0.005,0.006,0.5,0.6,inputs/511/Glass-R-D.txt,inputs/511/Glass-T-D.txt
436.5,0.005,0.006,0.5,0.6,inputs/511/Glass-R-D.txt,inputs/511/Glass-T-D.txt
437.0,0.005,0.006,0.5,0.6,inputs/511/Glass-R-D.txt,inputs/511/Glass-T-D.txt
437.5,0.005,0.006,0.5,0.6,inputs/511/Glass-R-D.txt,inputs/511/Glass-T-D.txt
438.0,0.005,0.006,0.5,0.6,inputs/511/Glass-R-D.txt,inputs/511/Glass-T-D.txt
438.5,0.005,0.006,0.5,0.6,inputs/511/Glass-R-D.txt,inputs/511/Glass-T-D.txt
439.0,0.005,0.006,0.5,0.6,inputs/511/Glass-R-D.txt,inputs/511/Glass-T-D.txt
439.5,0.005,0.005,0.5,0.5,inputs/511/Glass-R-D.txt,inputs/511/Glass-T-D.txt
440.0,0.005,0.005,0.5,0.5,inputs/511/Glass-R-D.txt,inputs/511/Glass-T-D.txt
440.5,0.005,0.005,0.5,0.5,inputs/511/Glass-R-D.txt,inputs/511/Glass-T-D.txt
441.0,0.005,0.005,0.5,0.5,inputs/511/Glass-R-D.txt,inputs/511/Glass-T-D.txt
441.5,0.005,0.005,0.5,0.5,inputs/511/Glass-R-D.txt,inputs/511/Glass-T-D.txt
442.0,0.005,0.005,0.5,0.5,inputs/511/Glass-R-D.txt,inputs/511/Glass-T-D.txt
442.5,0.005,0.005,0.5,0.5,inputs/511/Glass-R-D.txt,inputs/511/Glass-T-D.txt
443.0,0.005,0.005,0.5,0.5,inputs/511/Glass-R-D.txt,inputs/511/Glass-T-D.txt
443.5,0.005,0.005,0.5,0.5,inputs/511/Glass-R-D.txt,inputs/511/Glass-T-D.txt
444.0,0.005,0.005,0.5,0.5,inputs/511/Glass-R-D.txt,inputs/511/Glass-T-D.txt
444.5,0.005,0.005,0.5,0.5,inputs/511/Glass-R-D.txt,inputs/511/Glass-T-D.txt
445.0,0.005,0.005,0.5,0.5,inputs/511/Glass-R-D.txt,inputs/511/Glass-T-D.txt
445.5,0.005,0.005,0.5,0.5,inputs/511/Glass-R-D.txt,inputs/511/Glass-T-D.txt
446.0,0.005,0.005,0.5,0.5,inputs/511/Glass-R-D.txt,inputs/511/Glass-T-D.txt
446.5,0.005,0.005,0.5,0.5,inputs/511/Glass-R-D.txt,inputs/511/Glass-T-D.txt
447.0,0.005,0.005,0.5,0.5,inputs/511/Glass-R-D.txt,inputs/511/Glass-T-D.txt
447.5,0.005,0.005,0.5,0.5,inputs/511/Glass-R-D.txt,inputs/511/Glass-T-D.txt
448.0,0.005,0.005,0.5,0.5,inputs/511/Glass-R-D.txt,inputs/511/Glass-T-D.txt
448.5,0.005,0.005,0.5,0.5,inputs/511/Glass-R-D.txt,inputs/511/Glass-T-D.txt
449.0,0.005,0.005,0.5,0.5,inputs/511/Glass-R-D.txt,inputs/511/Glass-T-D.txt
449.5,0.005,0.005,0.5,0.5,inputs/511/Glass-R-D.txt,inputs/511/Glass-T-D.txt
450.0,0.005,0.005,0.5,0.5,inputs/511/Glass-R-D.txt,inputs/511/Glass-T-D.txt
450.5,0.005,0.005,0.5,0.5,inputs/511/Glass-R-D.txt,inputs/511/Glass-T-D.txt
451.0,0.005,0.005,0.5,0.5,inputs/511/Glass-R-D.txt,inputs/511/Glass-T-D.txt
451.5,0.005,0.005,0.5,0.5,inputs/511/Glass-R-D.txt,inputs/511/Glass-T-D.txt
452.0,0.005,0.005,0.5,0.5,inputs/511/Glass-R-D.txt,inputs/511/Glass-T-D.txt
452.5,0.005,0.005,0.5,0.5,inputs/511/Glass-R-D.txt,inputs/511/Glass-T-D.txt
453.0,0.005,0.005,0.5,0.5,inputs/511/Glass-R-D.txt,inputs/511/Glass-T-D.txt
453.5,0.005,0.005,0.5,0.5,inputs/511/Glass-R-D.txt,inputs/511/Glass-T-D.txt
454.0,0.005,0.005,0.5,0.5,inputs/511/Glass-R-D.txt,inputs/511/Glass-T-D.txt
454.5,0.005,0.005,0.5,0.5,inputs/511/Glass-R-D.txt,inputs/511/Glass-T-D.txt
455.0,0.005,0.005,0.5,0.5,inputs/511/Glass-R-D.txt,inputs/511/Glass-T-D.txt
455.5,0.005,0.005,0.5,0.5,inputs/511/Glass-R-D.txt,inputs/511/Glass-T-D.txt
456.0,0.005,0.005,0.5,0.5,inputs/511/Glass-R-D.txt,inputs/511/Glass-T-D.txt
456.5,0.005,0.005,0.5,0.5,inputs/511/Glass-R-D.txt,inputs/511/Glass-T-D.txt
457.0,0.005,0.005,0.5,0.5,inputs/511/Glass-R-D.txt,inputs/511/Glass-T-D.txt
457.5,0.005,0.005,0.5,0.5,inputs/511/Glass-R-D.txt,inputs/511/Glass-T-D.txt
458.0,0.005,0.005,0.5,0.5,inputs/511/Glass-R-D.txt,inputs/511/Glass-T-D.txt
458.5,0.005,0.005,0.5,0.5,inputs/511/Glass-R-D.txt,inputs/511/Glass-T-D.txt
459.0,0.005,0.005,0.5,0.5,inputs/511/Glass-R-D.txt,inputs/511/Glass-T-D.txt
459.5,0.005,0.005,0.5,0.5,inputs/511/Glass-R-D.txt,inputs/511/Glass-T-D.txt
460.0,0.005,0.005,0.5,0.5,inputs/511/Glass-R-D.txt,inputs/511/Glass-T-D.txt
460.5,0.005,0.005,0.5,0.5,inputs/511/Glass-R-D.txt,inputs/511/Glass-T-D.txt
461.0,0.005,0.005,0.5,0.5,inputs/511/Glass-R-D.txt,inputs/511/Glass-T-D.txt
461.5,0.005,0.005,0.5,0.5,inputs/511/Glass-R-D.txt,inputs/511/Glass-T-D.txt
462.0,0.005,0.005,0.5,0.5,inputs/511/Glass-R-D.txt,inputs/511/Glass-T-D.txt
462.5,0.005,0.005,0.5,0.5,inputs/511/Glass-R-D.txt,inputs/511/Glass-T-D.txt
463.0,0.005,0.005,0.5,0.5,inputs/511/Glass-R-D.txt,inputs/511/Glass-T-D.txt
463.5,0.005,0.005,0.5,0.5,inputs/511/Glass-R-D.txt,inputs/511/Glass-T-D.txt
464.0,0.005,0.005,0.5,0.5,inputs/511/Glass-R-D.txt,inputs/511/Glass-T-D.txt
464.5,0.005,0.005,0.5,0.5,inputs/511/Glass-R-D.txt,inputs/511/Glass-T-D.txt
465.0,0.005,0.005,0.5,0.5,inputs/511/Glass-R-D.txt,inputs/511/Glass-T-D.txt
465.5,0.005,0.005,0.5,0.5,inputs/511/Glass-R-D.txt,inputs/511/Glass-T-D.txt
466.0,0.005,0.005,0.5,0.5,inputs/511/Glass-R-D.txt,inputs/511/Glass-T-D.txt
466.5,0.005,0.005,0.5,0.5,inputs/511/Glass-R-D.txt,inputs/511/Glass-T-D.txt
467.0,0.005,0.005,0.5,0.5,inputs/511/Glass-R-D.txt,inputs/511/Glass-T-D.txt
467.5,0.005,0.005,0.5,0.5,inputs/511/Glass-R-D.txt,inputs/511/Glass-T-D.txt
468.0,0.005,0.005,0.5,0.5,inputs/511/Glass-R-D.txt,inputs/511/Glass-T-D.txt
468.5,0.005,0.005,0.5,0.5,inputs/511/Glass-R-D.txt,inputs/511/Glass-T-D.txt
469.0,0.005,0.005,0.5,0.5,inputs/511/Glass-R-D.txt,inputs/511/Glass-T-D.txt
469.5,0.005,0.005,0.5,0.5,inputs/511/Glass-R-D.txt,inputs/511/Glass-T-D.txt
470.0,0.005,0.005,0.5,0.5,inputs/511/Glass-R-D.txt,inputs/511/Glass-T-D.txt
470.5,0.005,0.005,0.5,0.5,inputs/511/Glass-R-D.txt,inputs/511/Glass-T-D.txt
471.0,0.005,0.005,0.5,0.5,inputs/511/Glass-R-D.txt,inputs/511/Glass-T-D.txt
471.5,0.005,0.005,0.5,0.5,inputs/511/Glass-R-D.txt,inputs/511/Glass-T-D.txt
472.0,0.005,0.005,0.5,0.5,inputs/511/Glass-R-D.txt,inputs/511/Glass-T-D.txt
472.5,0.005,0.005,0.5,0.5,inputs/511/Glass-R-D.txt,inputs/511/Glass-T-D.txt
473.0,0.005,0.005,0.5,0.5,inputs/511/Glass-R-D.txt,inputs/511/Glass-T-D.txt
473.5,0.005,0.005,0.5,0.5,inputs/511/Glass-R-D.txt,inputs/511/Glass-T-D.txt
474.0,0.005,0.005,0.5,0.5,inputs/511/Glass-R-D.txt,inputs/511/Glass-T-D.txt
474.5,0.005,0.005,0.5,0.5,inputs/511/Glass-R-D.txt,inputs/511/Glass-T-D.txt
475.0,0.005,0.005,0.5,0.5,inputs/511/Glass-R-D.txt,inputs/511/Glass-T-D.txt
475.5,0.005,0.005,0.5,0.5,inputs/511/Glass-R-D.txt,inputs/511/Glass-T-D.txt
476.0,0.005,0.005,0.5,0.5,inputs/511/Glass-R-D.txt,inputs/511/Glass-T-D.txt
476.5,0.005,0.005,0.5,0.5,inputs/511/Glass-R-D.txt,inputs/511/Glass-T-D.txt
477.0,0.005,0.005,0.5,0.5,inputs/511/Glass-R-D.txt,inputs/511/Glass-T-D.txt
477.5,0.005,0.005,0.5,0.5,inputs/511/Glass-R-D.txt,inputs/511/Glass-T-D.txt
478.0,0.005,0.005,0.5,0.5,inputs/511/Glass-R-D.txt,inputs/511/Glass-T-D.txt
478.5,0.005,0.005,0.5,0.5,inputs/511/Glass-R-D.txt,inputs/511/Glass-T-D.txt
479.0,0.005,0.005,0.5,0.5,inputs/511/Glass-R-D.txt,inputs/511/Glass-T-D.txt
479.5,0.005,0.005,0.5,0.5,inputs/511/Glass-R-D.txt,inputs/511/Glass-T-D.txt
480.0,0.005,0.005,0.5,0.5,inputs/511/Glass-R-D.txt,inputs/511/Glass-T-D.txt
480.5,0.005,0.005,0.5,0.5,inputs/511/Glass-R-D.txt,inputs/511/Glass-T-D.txt
481.0,0.005,0.005,0.5,0.5,inputs/511/Glass-R-D.txt,inputs/511/Glass-T-D.txt
481.5,0.005,0.005,0.5,0.5,inputs/511/Glass-R-D.txt,inputs/511/Glass-T-D.txt
482.0,0.005,0.005,0.5,0.5,inputs/511/Glass-R-D.txt,inputs/511/Glass-T-D.txt
482.5,0.005,0.005,0.5,0.5,inputs/511/Glass-R-D.txt,inputs/511/Glass-T-D.txt
483.0,0.005,0.005,0.5,0.5,inputs/511/Glass-R-D.txt,inputs/511/Glass-T-D.txt
483.5,0.005,0.005,0.5,0.5,inputs/511/Glass-R-D.txt,inputs/511/Glass-T-D.txt
484.0,0.005,0.005,0.5,0.5,inputs/511/Glass-R-D.txt,inputs/511/Glass-T-D.txt
484.5,0.005,0.005,0.5,0.5,inputs/511/Glass-R-D.txt,inputs/511/Glass-T-D.txt
485.0,0.005,0.005,0.5,0.5,inputs/511/Glass-R-D.txt,inputs/511/Glass-T-D.txt
485.5,0.005,0.005,0.5,0.5,inputs/511/Glass-R-D.txt,inputs/511/Glass-T-D.txt
486.0,0.005,0.005,0.5,0.5,inputs/511/Glass-R-D.txt,inputs/511/Glass-T-D.txt
486.5,0.005,0.005,0.5,0.5,inputs/511/Glass-R-D.txt,inputs/511/Glass-T-D.txt
487.0,0.004,0.005,0.4,0.5,inputs/511/Glass-R-D.txt,inputs/511/Glass-T-D.txt
487.5,0.004,0.005,0.4,0.5,inputs/511/Glass-R-D.txt,inputs/511/Glass-T-D.txt
488.0,0.004,0.005,0.4,0.5,inputs/511/Glass-R-D.txt,inputs/511/Glass-T-D.txt
488.5,0.004,0.005,0.4,0.5,inputs/511/Glass-R-D.txt,inputs/511/Glass-T-D.txt
489.0,0.004,0.005,0.4,0.5,inputs/511/Glass-R-D.txt,inputs/511/Glass-T-D.txt
489.5,0.004,0.005,0.4,0.5,inputs/511/Glass-R-D.txt,inputs/511/Glass-T-D.txt
490.0,0.004,0.005,0.4,0.5,inputs/511/Glass-R-D.txt,inputs/511/Glass-T-D.txt
490.5,0.004,0.005,0.4,0.5,inputs/511/Glass-R-D.txt,inputs/511/Glass-T-D.txt
491.0,0.004,0.005,0.4,0.5,inputs/511/Glass-R-D.txt,inputs/511/Glass-T-D.txt
491.5,0.004,0.005,0.4,0.5,inputs/511/Glass-R-D.txt,inputs/511/Glass-T-D.txt
492.0,0.004,0.005,0.4,0.5,inputs/511/Glass-R-D.txt,inputs/511/Glass-T-D.txt
492.5,0.004,0.005,0.4,0.5,inputs/511/Glass-R-D.txt,inputs/511/Glass-T-D.txt
493.0,0.004,0.005,0.4,0.5,inputs/511/Glass-R-D.txt,inputs/511/Glass-T-D.txt
493.5,0.004,0.005,0.4,0.5,inputs/511/Glass-R-D.txt,inputs/511/Glass-T-D.txt
494.0,0.004,0.005,0.4,0.5,inputs/511/Glass-R-D.txt,inputs/511/Glass-T-D.txt
494.5,0.004,0.005,0.4,0.5,inputs/511/Glass-R-D.txt,inputs/511/Glass-T-D.txt
495.0,0.004,0.005,0.4,0.5,inputs/511/Glass-R-D.txt,inputs/511/Glass-T-D.txt
495.5,0.004,0.005,0.4,0.5,inputs/511/Glass-R-D.txt,inputs/511/Glass-T-D.txt
496.0,0.004,0.005,0.4,0.5,inputs/511/Glass-R-D.txt,inputs/511/Glass-T-D.txt
496.5,0.004,0.005,0.4,0.5,inputs/511/Glass-R-D.txt,inputs/511/Glass-T-D.txt
497.0,0.004,0.005,0.4,0.5,inputs/511/Glass-R-D.txt,inputs/511/Glass-T-D.txt
497.5,0.004,0.005,0.4,0.5,inputs/511/Glass-R-D.txt,inputs/511/Glass-T-D.txt
498.0,0.004,0.005,0.4,0.5,inputs/511/Glass-R-D.txt,inputs/511/Glass-T-D.txt
498.5,0.004,0.005,0.4,0.5,inputs/511/Glass-R-D.txt,inputs/511/Glass-T-D.txt
499.0,0.004,0.005,0.4,0.5,inputs/511/Glass-R-D.txt,inputs/511/Glass-T-D.txt
499.5,0.004,0.005,0.4,0.5,inputs/511/Glass-R-D.txt,inputs/511/Glass-T-D.txt
500.0,0.004,0.005,0.4,0.5,inputs/511/Glass-R-D.txt,inputs/511/Glass-T-D.txt
500.5,0.004,0.005,0.4,0.5,inputs/511/Glass-R-D.txt,inputs/511/Glass-T-D.txt
501.0,0.004,0.005,0.4,0.5,inputs/511/Glass-R-D.txt,inputs/511/Glass-T-D.txt
501.5,0.004,0.005,0.4,0.5,inputs/511/Glass-R-D.txt,inputs/511/Glass-T-D.txt
502.0,0.004,0.005,0.4,0.5,inputs/511/Glass-R-D.txt,inputs/511/Glass-T-D.txt
502.5,0.004,0.005,0.4,0.5,inputs/511/Glass-R-D.txt,inputs/511/Glass-T-D.txt
503.0,0.004,0.004,0.4,0.4,inputs/511/Glass-R-D.txt,inputs/511/Glass-T-D.txt
503.5,0.004,0.004,0.4,0.4,inputs/511/Glass-R-D.txt,inputs/511/Glass-T-D.txt
504.0,0.004,0.004,0.4,0.4,inputs/511/Glass-R-D.txt,inputs/511/Glass-T-D.txt
504.5,0.004,0.004,0.4,0.4,inputs/511/Glass-R-D.txt,inputs/511/Glass-T-D.txt
505.0,0.004,0.004,0.4,0.4,inputs/511/Glass-R-D.txt,inputs/511/Glass-T-D.txt
505.5,0.004,0.004,0.4,0.4,inputs/511/Glass-R-D.txt,inputs/511/Glass-T-D.txt
506.0,0.004,0.004,0.4,0.4,inputs/511/Glass-R-D.txt,inputs/511/Glass-T-D.txt
506.5,0.004,0.004,0.4,0.4,inputs/511/Glass-R-D.txt,inputs/511/Glass-T-D.txt
507.0,0.004,0.004,0.4,0.4,inputs/511/Glass-R-D.txt,inputs/511/Glass-T-D.txt
507.5,0.004,0.004,0.4,0.4,inputs/511/Glass-R-D.txt,inputs/511/Glass-T-D.txt
508.0,0.004,0.004,0.4,0.4,inputs/511/Glass-R-D.txt,inputs/511/Glass-T-D.txt
508.5,0.004,0.004,0.4,0.4,inputs/511/Glass-R-D.txt,inputs/511/Glass-T-D.txt
509.0,0.004,0.004,0.4,0.4,inputs/511/Glass-R-D.txt,inputs/511/Glass-T-D.txt
509.5,0.004,0.004,0.4,0.4,inputs/511/Glass-R-D.txt,inputs/511/Glass-T-D.txt
510.0,0.004,0.004,0.4,0.4,inputs/511/Glass-R-D.txt,inputs/511/Glass-T-D.txt
510.5,0.004,0.004,0.4,0.4,inputs/511/Glass-R-D.txt,inputs/511/Glass-T-D.txt
511.0,0.004,0.004,0.4,0.4,inputs/511/Glass-R-D.txt,inputs/511/Glass-T-D.txt
511.5,0.004,0.004,0.4,0.4,inputs/511/Glass-R-D.txt,inputs/511/Glass-T-D.txt
512.0,0.004,0.004,0.4,0.4,inputs/511/Glass-R-D.txt,inputs/511/Glass-T-D.txt
512.5,0.004,0.004,0.4,0.4,inputs/511/Glass-R-D.txt,inputs/511/Glass-T-D.txt
513.0,0.004,0.004,0.4,0.4,inputs/511/Glass-R-D.txt,inputs/511/Glass-T-D.txt
513.5,0.004,0.004,0.4,0.4,inputs/511/Glass-R-D.txt,inputs/511/Glass-T-D.txt
514.0,0.004,0.004,0.4,0.4,inputs/511/Glass-R-D.txt,inputs/511/Glass-T-D.txt
514.5,0.004,0.004,0.4,0.4,inputs/511/Glass-R-D.txt,inputs/511/Glass-T-D.txt
515.0,0.004,0.004,0.4,0.4,inputs/511/Glass-R-D.txt,inputs/511/Glass-T-D.txt
515.5,0.004,0.004,0.4,0.4,inputs/511/Glass-R-D.txt,inputs/511/Glass-T-D.txt
516.0,0.004,0.004,0.4,0.4,inputs/511/Glass-R-D.txt,inputs/511/Glass-T-D.txt
516.5,0.004,0.004,0.4,0.4,inputs/511/Glass-R-D.txt,inputs/511/Glass-T-D.txt
517.0,0.004,0.004,0.4,0.4,inputs/511/Glass-R-D.txt,inputs/511/Glass-T-D.txt
517.5,0.004,0.004,0.4,0.4,inputs/511/Glass-R-D.txt,inputs/511/Glass-T-D.txt
518.0,0.004,0.004,0.4,0.4,inputs/511/Glass-R-D.txt,inputs/511/Glass-T-D.txt
518.5,0.004,0.004,0.4,0.4,inputs/511/Glass-R-D.txt,inputs/511/Glass-T-D.txt
519.0,0.004,0.004,0.4,0.4,inputs/511/Glass-R-D.txt,inputs/511/Glass-T-D.txt
519.5,0.004,0.004,0.4,0.4,inputs/511/Glass-R-D.txt,inputs/511/Glass-T-D.txt
520.0,0.004,0.004,0.4,0.4,inputs/511/Glass-R-D.txt,inputs/511/Glass-T-D.txt
520.5,0.004,0.004,0.4,0.4,inputs/511/Glass-R-D.txt,inputs/511/Glass-T-D.txt
521.0,0.004,0.004,0.4,0.4,inputs/511/Glass-R-D.txt,inputs/511/Glass-T-D.txt
521.5,0.004,0.004,0.4,0.4,inputs/511/Glass-R-D.txt,inputs/511/Glass-T-D.txt
522.0,0.004,0.004,0.4,0.4,inputs/511/Glass-R-D.txt,inputs/511/Glass-T-D.txt
522.5,0.004,0.004,0.4,0.4,inputs/511/Glass-R-D.txt,inputs/511/Glass-T-D.txt
523.0,0.004,0.004,0.4,0.4,inputs/511/Glass-R-D.txt,inputs/511/Glass-T-D.txt
523.5,0.004,0.004,0.4,0.4,inputs/511/Glass-R-D.txt,inputs/511/Glass-T-D.txt
524.0,0.004,0.004,0.4,0.4,inputs/511/Glass-R-D.txt,inputs/511/Glass-T-D.txt
524.5,0.004,0.004,0.4,0.4,inputs/511/Glass-R-D.txt,inputs/511/Glass-T-D.txt
525.0,0.004,0.004,0.4,0.4,inputs/511/Glass-R-D.txt,inputs/511/Glass-T-D.txt
525.5,0.004,0.004,0.4,0.4,inputs/511/Glass-R-D.txt,inputs/511/Glass-T-D.txt
526.0,0.004,0.004,0.4,0.4,inputs/511/Glass-R-D.txt,inputs/511/Glass-T-D.txt
526.5,0.004,0.004,0.4,0.4,inputs/511/Glass-R-D.txt,inputs/511/Glass-T-D.txt
527.0,0.004,0.004,0.4,0.4,inputs/511/Glass-R-D.txt,inputs/511/Glass-T-D.txt
527.5,0.004,0.004,0.4,0.4,inputs/511/Glass-R-D.txt,inputs/511/Glass-T-D.txt
528.0,0.004,0.004,0.4,0.4,inputs/511/Glass-R-D.txt,inputs/511/Glass-T-D.txt
528.5,0.004,0.004,0.4,0.4,inputs/511/Glass-R-D.txt,inputs/511/Glass-T-D.txt
529.0,0.004,0.004,0.4,0.4,inputs/511/Glass-R-D.txt,inputs/511/Glass-T-D.txt
529.5,0.004,0.004,0.4,0.4,inputs/511/Glass-R-D.txt,inputs/511/Glass-T-D.txt
530.0,0.004,0.004,0.4,0.4,inputs/511/Glass-R-D.txt,inputs/511/Glass-T-D.txt
530.5,0.004,0.004,0.4,0.4,inputs/511/Glass-R-D.txt,inputs/511/Glass-T-D.txt
531.0,0.004,0.004,0.4,0.4,inputs/511/Glass-R-D.txt,inputs/511/Glass-T-D.txt
531.5,0.004,0.004,0.4,0.4,inputs/511/Glass-R-D.txt,inputs/511/Glass-T-D.txt
532.0,0.004,0.004,0.4,0.4,inputs/511/Glass-R-D.txt,inputs/511/Glass-T-D.txt
532.5,0.004,0.004,0.4,0.4,inputs/511/Glass-R-D.txt,inputs/511/Glass-T-D.txt
533.0,0.004,0.004,0.4,0.4,inputs/511/Glass-R-D.txt,inputs/511/Glass-T-D.txt
533.5,0.004,0.004,0.4,0.4,inputs/511/Glass-R-D.txt,inputs/511/Glass-T-D.txt
534.0,0.004,0.004,0.4,0.4,inputs/511/Glass-R-D.txt,inputs/511/Glass-T-D.txt
534.5,0.004,0.004,0.4,0.4,inputs/511/Glass-R-D.txt,inputs/511/Glass-T-D.txt
535.0,0.004,0.004,0.4,0.4,inputs/511/Glass-R-D.txt,inputs/511/Glass-T-D.txt
535.5,0.004,0.004,0.4,0.4,inputs/511/Glass-R-D.txt,inputs/511/Glass-T-D.txt
536.0,0.004,0.004,0.4,0.4,inputs/511/Glass-R-D.txt,inputs/511/Glass-T-D.txt
536.5,0.003,0.003,0.3,0.3,inputs/511/Glass-R-D.txt,inputs/511/Glass-T-D.txt
537.0,0.003,0.003,0.3,0.3,inputs/511/Glass-R-D.txt,inputs/511/Glass-T-D.txt
537.5,0.003,0.003,0.3,0.3,inputs/511/Glass-R-D.txt,inputs/511/Glass-T-D.txt
538.0,0.003,0.003,0.3,0.3,inputs/511/Glass-R-D.txt,inputs/511/Glass-T-D.txt
538.5,0.003,0.003,0.3,0.3,inputs/511/Glass-R-D.txt,inputs/511/Glass-T-D.txt
539.0,0.003,0.003,0.3,0.3,inputs/511/Glass-R-D.txt,inputs/511/Glass-T-D.txt
539.5,0.003,0.003,0.3,0.3,inputs/511/Glass-R-D.txt,inputs/511/Glass-T-D.txt
540.0,0.003,0.003,0.3,0.3,inputs/511/Glass-R-D.txt,inputs/511/Glass-T-D.txt
540.5,0.003,0.003,0.3,0.3,inputs/511/Glass-R-D.txt,inputs/511/Glass-T-D.txt
541.0,0.003,0.003,0.3,0.3,inputs/511/Glass-R-D.txt,inputs/511/Glass-T-D.txt
541.5,0.003,0.003,0.3,0.3,inputs/511/Glass-R-D.txt,inputs/511/Glass-T-D.txt
542.0,0.003,0.003,0.3,0.3,inputs/511/Glass-R-D.txt,inputs/511/Glass-T-D.txt
542.5,0.003,0.003,0.3,0.3,inputs/511/Glass-R-D.txt,inputs/511/Glass-T-D.txt
543.0,0.003,0.003,0.3,0.3,inputs/511/Glass-R-D.txt,inputs/511/Glass-T-D.txt
543.5,0.003,0.003,0.3,0.3,inputs/511/Glass-R-D.txt,inputs/511/Glass-T-D.txt
544.0,0.003,0.003,0.3,0.3,inputs/511/Glass-R-D.txt,inputs/511/Glass-T-D.txt
544.5,0.003,0.003,0.3,0.3,inputs/511/Glass-R-D.txt,inputs/511/Glass-T-D.txt
545.0,0.003,0.003,0.3,0.3,inputs/511/Glass-R-D.txt,inputs/511/Glass-T-D.txt
545.5,0.003,0.003,0.3,0.3,inputs/511/Glass-R-D.txt,inputs/511/Glass-T-D.txt
546.0,0.003,0.003,0.3,0.3,inputs/511/Glass-R-D.txt,inputs/511/Glass-T-D.txt
546.5,0.003,0.003,0.3,0.3,inputs/511/Glass-R-D.txt,inputs/511/Glass-T-D.txt
547.0,0.003,0.003,0.3,0.3,inputs/511/Glass-R-D.txt,inputs/511/Glass-T-D.txt
547.5,0.003,0.003,0.3,0.3,inputs/511/Glass-R-D.txt,inputs/511/Glass-T-D.txt
548.0,0.003,0.003,0.3,0.3,inputs/511/Glass-R-D.txt,inputs/511/Glass-T-D.txt
548.5,0.003,0.003,0.3,0.3,inputs/511/Glass-R-D.txt,inputs/511/Glass-T-D.txt
549.0,0.003,0.003,0.3,0.3,inputs/511/Glass-R-D.txt,inputs/511/Glass-T-D.txt
549.5,0.003,0.003,0.3,0.3,inputs/511/Glass-R-D.txt,inputs/511/Glass-T-D.txt
550.0,0.003,0.003,0.3,0.3,inputs/511/Glass-R-D.txt,inputs/511/Glass-T-D.txt
550.5,0.003,0.003,0.3,0.3,inputs/511/Glass-R-D.txt,inputs/511/Glass-T-D.txt
551.0,0.003,0.003,0.3,0.3,inputs/511/Glass-R-D.txt,inputs/511/Glass-T-D.txt
551.5,0.003,0.003,0.3,0.3,inputs/511/Glass-R-D.txt,inputs/511/Glass-T-D.txt
552.0,0.003,0.003,0.3,0.3,inputs/511/Glass-R-D.txt,inputs/511/Glass-T-D.txt
552.5,0.003,0.003,0.3,0.3,inputs/511/Glass-R-D.txt,inputs/511/Glass-T-D.txt
553.0,0.003,0.003,0.3,0.3,inputs/511/Glass-R-D.txt,inputs/511/Glass-T-D.txt
553.5,0.003,0.003,0.3,0.3,inputs/511/Glass-R-D.txt,inputs/511/Glass-T-D.txt
554.0,0.003,0.003,0.3,0.3,inputs/511/Glass-R-D.txt,inputs/511/Glass-T-D.txt
554.5,0.003,0.003,0.3,0.3,inputs/511/Glass-R-D.txt,inputs/511/Glass-T-D.txt
555.0,0.003,0.003,0.3,0.3,inputs/511/Glass-R-D.txt,inputs/511/Glass-T-D.txt
555.5,0.003,0.003,0.3,0.3,inputs/511/Glass-R-D.txt,inputs/511/Glass-T-D.txt
556.0,0.003,0.003,0.3,0.3,inputs/511/Glass-R-D.txt,inputs/511/Glass-T-D.txt
556.5,0.003,0.003,0.3,0.3,inputs/511/Glass-R-D.txt,inputs/511/Glass-T-D.txt
557.0,0.003,0.003,0.3,0.3,inputs/511/Glass-R-D.txt,inputs/511/Glass-T-D.txt
557.5,0.003,0.003,0.3,0.3,inputs/511/Glass-R-D.txt,inputs/511/Glass-T-D.txt
558.0,0.003,0.003,0.3,0.3,inputs/511/Glass-R-D.txt,inputs/511/Glass-T-D.txt
558.5,0.003,0.003,0.3,0.3,inputs/511/Glass-R-D.txt,inputs/511/Glass-T-D.txt
559.0,0.003,0.003,0.3,0.3,inputs/511/Glass-R-D.txt,inputs/511/Glass-T-D.txt
559.5,0.003,0.003,0.3,0.3,inputs/511/Glass-R-D.txt,inputs/511/Glass-T-D.txt
560.0,0.003,0.003,0.3,0.3,inputs/511/Glass-R-D.txt,inputs/511/Glass-T-D.txt
560.5,0.003,0.003,0.3,0.3,inputs/511/Glass-R-D.txt,inputs/511/Glass-T-D.txt
561.0,0.003,0.003,0.3,0.3,inputs/511/Glass-R-D.txt,inputs/511/Glass-T-D.txt
561.5,0.003,0.003,0.3,0.3,inputs/511/Glass-R-D.txt,inputs/511/Glass-T-D.txt
562.0,0.003,0.003,0.3,0.3,inputs/511/Glass-R-D.txt,inputs/511/Glass-T-D.txt
562.5,0.003,0.003,0.3,0.3,inputs/511/Glass-R-D.txt,inputs/511/Glass-T-D.txt
563.0,0.003,0.003,0.3,0.3,inputs/511/Glass-R-D.txt,inputs/511/Glass-T-D.txt
563.5,0.003,0.003,0.3,0.3,inputs/511/Glass-R-D.txt,inputs/511/Glass-T-D.txt
564.0,0.003,0.003,0.3,0.3,inputs/511/Glass-R-D.txt,inputs/511/Glass-T-D.txt
564.5,0.003,0.003,0.3,0.3,inputs/511/Glass-R-D.txt,inputs/511/Glass-T-D.txt
565.0,0.003,0.003,0.3,0.3,inputs/511/Glass-R-D.txt,inputs/511/Glass-T-D.txt
565.5,0.003,0.003,0.3,0.3,inputs/511/Glass-R-D.txt,inputs/511/Glass-T-D.txt
566.0,0.003,0.003,0.3,0.3,inputs/511/Glass-R-D.txt,inputs/511/Glass-T-D.txt
566.5,0.003,0.003,0.3,0.3,inputs/511/Glass-R-D.txt,inputs/511/Glass-T-D.txt
567.0,0.003,0.003,0.3,0.3,inputs/511/Glass-R-D.txt,inputs/511/Glass-T-D.txt
567.5,0.003,0.003,0.3,0.3,inputs/511/Glass-R-D.txt,inputs/511/Glass-T-D.txt
568.0,0.003,0.003,0.3,0.3,inputs/511/Glass-R-D.txt,inputs/511/Glass-T-D.txt
568.5,0.003,0.003,0.3,0.3,inputs/511/Glass-R-D.txt,inputs/511/Glass-T-D.txt
569.0,0.003,0.003,0.3,0.3,inputs/511/Glass-R-D.txt,inputs/511/Glass-T-D.txt
569.5,0.003,0.003,0.3,0.3,inputs/511/Glass-R-D.txt,inputs/511/Glass-T-D.txt
570.0,0.003,0.003,0.3,0.3,inputs/511/Glass-R-D.txt,inputs/511/Glass-T-D.txt
570.5,0.003,0.003,0.3,0.3,inputs/511/Glass-R-D.txt,inputs/511/Glass-T-D.txt
571.0,0.003,0.003,0.3,0.3,inputs/511/Glass-R-D.txt,inputs/511/Glass-T-D.txt
571.5,0.003,0.003,0.3,0.3,inputs/511/Glass-R-D.txt,inputs/511/Glass-T-D.txt
572.0,0.003,0.003,0.3,0.3,inputs/511/Glass-R-D.txt,inputs/511/Glass-T-D.txt
572.5,0.003,0.003,0.3,0.3,inputs/511/Glass-R-D.txt,inputs/511/Glass-T-D.txt
573.0,0.003,0.003,0.3,0.3,inputs/511/Glass-R-D.txt,inputs/511/Glass-T-D.txt
573.5,0.003,0.003,0.3,0.3,inputs/511/Glass-R-D.txt,inputs/511/Glass-T-D.txt
574.0,0.003,0.003,0.3,0.3,inputs/511/Glass-R-D.txt,inputs/511/Glass-T-D.txt
574.5,0.003,0.003,0.3,0.3,inputs/511/Glass-R-D.txt,inputs/511/Glass-T-D.txt
575.0,0.003,0.003,0.3,0.3,inputs/511/Glass-R-D.txt,inputs/511/Glass-T-D.txt
575.5,0.003,0.003,0.3,0.3,inputs/511/Glass-R-D.txt,inputs/511/Glass-T-D.txt
576.0,0.003,0.003,0.3,0.3,inputs/511/Glass-R-D.txt,inputs/511/Glass-T-D.txt
576.5,0.003,0.003,0.3,0.3,inputs/511/Glass-R-D.txt,inputs/511/Glass-T-D.txt
577.0,0.003,0.003,0.3,0.3,inputs/511/Glass-R-D.txt,inputs/511/Glass-T-D.txt
577.5,0.003,0.003,0.3,0.3,inputs/511/Glass-R-D.txt,inputs/511/Glass-T-D.txt
578.0,0.003,0.003,0.3,0.3,inputs/511/Glass-R-D.txt,inputs/511/Glass-T-D.txt
578.5,0.003,0.003,0.3,0.3,inputs/511/Glass-R-D.txt,inputs/511/Glass-T-D.txt
579.0,0.003,0.003,0.3,0.3,inputs/511/Glass-R-D.txt,inputs/511/Glass-T-D.txt
579.5,0.003,0.003,0.3,0.3,inputs/511/Glass-R-D.txt,inputs/511/Glass-T-D.txt
580.0,0.003,0.003,0.3,0.3,inputs/511/Glass-R-D.txt,inputs/511/Glass-T-D.txt
580.5,0.003,0.003,0.3,0.3,inputs/511/Glass-R-D.txt,inputs/511/Glass-T-D.txt
581.0,0.003,0.002,0.3,0.2,inputs/511/Glass-R-D.txt,inputs/511/Glass-T-D.txt
581.5,0.003,0.002,0.3,0.2,inputs/511/Glass-R-D.txt,inputs/511/Glass-T-D.txt
582.0,0.003,0.002,0.3,0.2,inputs/511/Glass-R-D.txt,inputs/511/Glass-T-D.txt
582.5,0.003,0.002,0.3,0.2,inputs/511/Glass-R-D.txt,inputs/511/Glass-T-D.txt
583.0,0.003,0.002,0.3,0.2,inputs/511/Glass-R-D.txt,inputs/511/Glass-T-D.txt
583.5,0.003,0.002,0.3,0.2,inputs/511/Glass-R-D.txt,inputs/511/Glass-T-D.txt
584.0,0.003,0.002,0.3,0.2,inputs/511/Glass-R-D.txt,inputs/511/Glass-T-D.txt
584.5,0.003,0.002,0.3,0.2,inputs/511/Glass-R-D.txt,inputs/511/Glass-T-D.txt
585.0,0.003,0.002,0.3,0.2,inputs/511/Glass-R-D.txt,inputs/511/Glass-T-D.txt
585.5,0.003,0.002,0.3,0.2,inputs/511/Glass-R-D.txt,inputs/511/Glass-T-D.txt
586.0,0.003,0.002,0.3,0.2,inputs/511/Glass-R-D.txt,inputs/511/Glass-T-D.txt
586.5,0.003,0.002,0.3,0.2,inputs/511/Glass-R-D.txt,inputs/511/Glass-T-D.txt
587.0,0.003,0.002,0.3,0.2,inputs/511/Glass-R-D.txt,inputs/511/Glass-T-D.txt
587.5,0.003,0.002,0.3,0.2,inputs/511/Glass-R-D.txt,inputs/511/Glass-T-D.txt
588.0,0.003,0.002,0.3,0.2,inputs/511/Glass-R-D.txt,inputs/511/Glass-T-D.txt
588.5,0.003,0.002,0.3,0.2,inputs/511/Glass-R-D.txt,inputs/511/Glass-T-D.txt
589.0,0.003,0.002,0.3,0.2,inputs/511/Glass-R-D.txt,inputs/511/Glass-T-D.txt
589.5,0.003,0.002,0.3,0.2,inputs/511/Glass-R-D.txt,inputs/511/Glass-T-D.txt
590.0,0.003,0.002,0.3,0.2,inputs/511/Glass-R-D.txt,inputs/511/Glass-T-D.txt
590.5,0.003,0.002,0.3,0.2,inputs/511/Glass-R-D.txt,inputs/511/Glass-T-D.txt
591.0,0.003,0.002,0.3,0.2,inputs/511/Glass-R-D.txt,inputs/511/Glass-T-D.txt
591.5,0.003,0.002,0.3,0.2,inputs/511/Glass-R-D.txt,inputs/511/Glass-T-D.txt
592.0,0.003,0.002,0.3,0.2,inputs/511/Glass-R-D.txt,inputs/511/Glass-T-D.txt
592.5,0.003,0.002,0.3,0.2,inputs/511/Glass-R-D.txt,inputs/511/Glass-T-D.txt
593.0,0.003,0.002,0.3,0.2,inputs/511/Glass-R-D.txt,inputs/511/Glass-T-D.txt
593.5,0.003,0.002,0.3,0.2,inputs/511/Glass-R-D.txt,inputs/511/Glass-T-D.txt
594.0,0.003,0.002,0.3,0.2,inputs/511/Glass-R-D.txt,inputs/511/Glass-T-D.txt
594.5,0.003,0.002,0.3,0.2,inputs/511/Glass-R-D.txt,inputs/511/Glass-T-D.txt
595.0,0.003,0.002,0.3,0.2,inputs/511/Glass-R-D.txt,inputs/511/Glass-T-D.txt
595.5,0.003,0.002,0.3,0.2,inputs/511/Glass-R-D.txt,inputs/511/Glass-T-D.txt
596.0,0.003,0.002,0.3,0.2,inputs/511/Glass-R-D.txt,inputs/511/Glass-T-D.txt
596.5,0.003,0.002,0.3,0.2,inputs/511/Glass-R-D.txt,inputs/511/Glass-T-D.txt
597.0,0.003,0.002,0.3,0.2,inputs/511/Glass-R-D.txt,inputs/511/Glass-T-D.txt
597.5,0.003,0.002,0.3,0.2,inputs/511/Glass-R-D.txt,inputs/511/Glass-T-D.txt
598.0,0.003,0.002,0.3,0.2,inputs/511/Glass-R-D.txt,inputs/511/Glass-T-D.txt
598.5,0.003,0.002,0.3,0.2,inputs/511/Glass-R-D.txt,inputs/511/Glass-T-D.txt
599.0,0.003,0.002,0.3,0.2,inputs/511/Glass-R-D.txt,inputs/511/Glass-T-D.txt
599.5,0.003,0.002,0.3,0.2,inputs/511/Glass-R-D.txt,inputs/511/Glass-T-D.txt
600.0,0.003,0.002,0.3,0.2,inputs/511/Glass-R-D.txt,inputs/511/Glass-T-D.txt
600.5,0.003,0.002,0.3,0.2,inputs/511/Glass-R-D.txt,inputs/511/Glass-T-D.txt
601.0,0.003,0.002,0.3,0.2,inputs/511/Glass-R-D.txt,inputs/511/Glass-T-D.txt
601.5,0.003,0.002,0.3,0.2,inputs/511/Glass-R-D.txt,inputs/511/Glass-T-D.txt
602.0,0.003,0.002,0.3,0.2,inputs/511/Glass-R-D.txt,inputs/511/Glass-T-D.txt
602.5,0.003,0.002,0.3,0.2,inputs/511/Glass-R-D.txt,inputs/511/Glass-T-D.txt
603.0,0.003,0.002,0.3,0.2,inputs/511/Glass-R-D.txt,inputs/511/Glass-T-D.txt
603.5,0.003,0.002,0.3,0.2,inputs/511/Glass-R-D.txt,inputs/511/Glass-T-D.txt
604.0,0.003,0.002,0.3,0.2,inputs/511/Glass-R-D.txt,inputs/511/Glass-T-D.txt
604.5,0.003,0.002,0.3,0.2,inputs/511/Glass-R-D.txt,inputs/511/Glass-T-D.txt
605.0,0.003,0.002,0.3,0.2,inputs/511/Glass-R-D.txt,inputs/511/Glass-T-D.txt
605.5,0.003,0.002,0.3,0.2,inputs/511/Glass-R-D.txt,inputs/511/Glass-T-D.txt
606.0,0.003,0.002,0.3,0.2,inputs/511/Glass-R-D.txt,inputs/511/Glass-T-D.txt
606.5,0.003,0.002,0.3,0.2,inputs/511/Glass-R-D.txt,inputs/511/Glass-T-D.txt
607.0,0.003,0.002,0.3,0.2,inputs/511/Glass-R-D.txt,inputs/511/Glass-T-D.txt
607.5,0.003,0.002,0.3,0.2,inputs/511/Glass-R-D.txt,inputs/511/Glass-T-D.txt
608.0,0.003,0.002,0.3,0.2,inputs/511/Glass-R-D.txt,inputs/511/Glass-T-D.txt
608.5,0.003,0.002,0.3,0.2,inputs/511/Glass-R-D.txt,inputs/511/Glass-T-D.txt
609.0,0.003,0.002,0.3,0.2,inputs/511/Glass-R-D.txt,inputs/511/Glass-T-D.txt
609.5,0.003,0.002,0.3,0.2,inputs/511/Glass-R-D.txt,inputs/511/Glass-T-D.txt
610.0,0.003,0.002,0.3,0.2,inputs/511/Glass-R-D.txt,inputs/511/Glass-T-D.txt
610.5,0.003,0.002,0.3,0.2,inputs/511/Glass-R-D.txt,inputs/511/Glass-T-D.txt
611.0,0.003,0.002,0.3,0.2,inputs/511/Glass-R-D.txt,inputs/511/Glass-T-D.txt
611.5,0.003,0.002,0.3,0.2,inputs/511/Glass-R-D.txt,inputs/511/Glass-T-D.txt
612.0,0.003,0.002,0.3,0.2,inputs/511/Glass-R-D.txt,inputs/511/Glass-T-D.txt
612.5,0.003,0.002,0.3,0.2,inputs/511/Glass-R-D.txt,inputs/511/Glass-T-D.txt
613.0,0.003,0.002,0.3,0.2,inputs/511/Glass-R-D.txt,inputs/511/Glass-T-D.txt
613.5,0.003,0.002,0.3,0.2,inputs/511/Glass-R-D.txt,inputs/511/Glass-T-D.txt
614.0,0.003,0.002,0.3,0.2,inputs/511/Glass-R-D.txt,inputs/511/Glass-T-D.txt
614.5,0.003,0.002,0.3,0.2,inputs/511/Glass-R-D.txt,inputs/511/Glass-T-D.txt
615.0,0.003,0.002,0.3,0.2,inputs/511/Glass-R-D.txt,inputs/511/Glass-T-D.txt
615.5,0.003,0.002,0.3,0.2,inputs/511/Glass-R-D.txt,inputs/511/Glass-T-D.txt
616.0,0.003,0.002,0.3,0.2,inputs/511/Glass-R-D.txt,inputs/511/Glass-T-D.txt
616.5,0.003,0.002,0.3,0.2,inputs/511/Glass-R-D.txt,inputs/511/Glass-T-D.txt
617.0,0.003,0.002,0.3,0.2,inputs/511/Glass-R-D.txt,inputs/511/Glass-T-D.txt
617.5,0.003,0.002,0.3,0.2,inputs/511/Glass-R-D.txt,inputs/511/Glass-T-D.txt
618.0,0.003,0.002,0.3,0.2,inputs/511/Glass-R-D.txt,inputs/511/Glass-T-D.txt
618.5,0.003,0.002,0.3,0.2,inputs/511/Glass-R-D.txt,inputs/511/Glass-T-D.txt
619.0,0.003,0.002,0.3,0.2,inputs/511/Glass-R-D.txt,inputs/511/Glass-T-D.txt
619.5,0.003,0.002,0.3,0.2,inputs/511/Glass-R-D.txt,inputs/511/Glass-T-D.txt
620.0,0.003,0.002,0.3,0.2,inputs/511/Glass-R-D.txt,inputs/511/Glass-T-D.txt
620.5,0.003,0.002,0.3,0.2,inputs/511/Glass-R-D.txt,inputs/511/Glass-T-D.txt
621.0,0.003,0.002,0.3,0.2,inputs/511/Glass-R-D.txt,inputs/511/Glass-T-D.txt
621.5,0.003,0.002,0.3,0.2,inputs/511/Glass-R-D.txt,inputs/511/Glass-T-D.txt
622.0,0.003,0.002,0.3,0.2,inputs/511/Glass-R-D.txt,inputs/511/Glass-T-D.txt
622.5,0.003,0.002,0.3,0.2,inputs/511/Glass-R-D.txt,inputs/511/Glass-T-D.txt
623.0,0.003,0.002,0.3,0.2,inputs/511/Glass-R-D.txt,inputs/511/Glass-T-D.txt
623.5,0.003,0.002,0.3,0.2,inputs/511/Glass-R-D.txt,inputs/511/Glass-T-D.txt
624.0,0.003,0.002,0.3,0.2,inputs/511/Glass-R-D.txt,inputs/511/Glass-T-D.txt
624.5,0.003,0.002,0.3,0.2,inputs/511/Glass-R-D.txt,inputs/511/Glass-T-D.txt
625.0,0.003,0.002,0.3,0.2,inputs/511/Glass-R-D.txt,inputs/511/Glass-T-D.txt
625.5,0.003,0.002,0.3,0.2,inputs/511/Glass-R-D.txt,inputs/511/Glass-T-D.txt
626.0,0.003,0.002,0.3,0.2,inputs/511/Glass-R-D.txt,inputs/511/Glass-T-D.txt
626.5,0.003,0.002,0.3,0.2,inputs/511/Glass-R-D.txt,inputs/511/Glass-T-D.txt
627.0,0.003,0.002,0.3,0.2,inputs/511/Glass-R-D.txt,inputs/511/Glass-T-D.txt
627.5,0.003,0.002,0.3,0.2,inputs/511/Glass-R-D.txt,inputs/511/Glass-T-D.txt
628.0,0.003,0.002,0.3,0.2,inputs/511/Glass-R-D.txt,inputs/511/Glass-T-D.txt
628.5,0.003,0.002,0.3,0.2,inputs/511/Glass-R-D.txt,inputs/511/Glass-T-D.txt
629.0,0.003,0.002,0.3,0.2,inputs/511/Glass-R-D.txt,inputs/511/Glass-T-D.txt
629.5,0.003,0.002,0.3,0.2,inputs/511/Glass-R-D.txt,inputs/511/Glass-T-D.txt
630.0,0.003,0.002,0.3,0.2,inputs/511/Glass-R-D.txt,inputs/511/Glass-T-D.txt
630.5,0.003,0.002,0.3,0.2,inputs/511/Glass-R-D.txt,inputs/511/Glass-T-D.txt
631.0,0.003,0.002,0.3,0.2,inputs/511/Glass-R-D.txt,inputs/511/Glass-T-D.txt
631.5,0.003,0.002,0.3,0.2,inputs/511/Glass-R-D.txt,inputs/511/Glass-T-D.txt
632.0,0.003,0.002,0.3,0.2,inputs/511/Glass-R-D.txt,inputs/511/Glass-T-D.txt
632.5,0.003,0.002,0.3,0.2,inputs/511/Glass-R-D.txt,inputs/511/Glass-T-D.txt
633.0,0.003,0.002,0.3,0.2,inputs/511/Glass-R-D.txt,inputs/511/Glass-T-D.txt
633.5,0.003,0.002,0.3,0.2,inputs/511/Glass-R-D.txt,inputs/511/Glass-T-D.txt
634.0,0.003,0.002,0.3,0.2,inputs/511/Glass-R-D.txt,inputs/511/Glass-T-D.txt
634.5,0.003,0.002,0.3,0.2,inputs/511/Glass-R-D.txt,inputs/511/Glass-T-D.txt
635.0,0.003,0.002,0.3,0.2,inputs/511/Glass-R-D.txt,inputs/511/Glass-T-D.txt
635.5,0.003,0.002,0.3,0.2,inputs/511/Glass-R-D.txt,inputs/511/Glass-T-D.txt
636.0,0.003,0.002,0.3,0.2,inputs/511/Glass-R-D.txt,inputs/511/Glass-T-D.txt
636.5,0.003,0.002,0.3,0.2,inputs/511/Glass-R-D.txt,inputs/511/Glass-T-D.txt
637.0,0.003,0.002,0.3,0.2,inputs/511/Glass-R-D.txt,inputs/511/Glass-T-D.txt
637.5,0.003,0.002,0.3,0.2,inputs/511/Glass-R-D.txt,inputs/511/Glass-T-D.txt
638.0,0.002,0.002,0.2,0.2,inputs/511/Glass-R-D.txt,inputs/511/Glass-T-D.txt
638.5,0.002,0.002,0.2,0.2,inputs/511/Glass-R-D.txt,inputs/511/Glass-T-D.txt
639.0,0.002,0.002,0.2,0.2,inputs/511/Glass-R-D.txt,inputs/511/Glass-T-D.txt
639.5,0.002,0.002,0.2,0.2,inputs/511/Glass-R-D.txt,inputs/511/Glass-T-D.txt
640.0,0.002,0.002,0.2,0.2,inputs/511/Glass-R-D.txt,inputs/511/Glass-T-D.txt
640.5,0.002,0.002,0.2,0.2,inputs/511/Glass-R-D.txt,inputs/511/Glass-T-D.txt
641.0,0.002,0.002,0.2,0.2,inputs/511/Glass-R-D.txt,inputs/511/Glass-T-D.txt
641.5,0.002,0.002,0.2,0.2,inputs/511/Glass-R-D.txt,inputs/511/Glass-T-D.txt
642.0,0.002,0.002,0.2,0.2,inputs/511/Glass-R-D.txt,inputs/511/Glass-T-D.txt
642.5,0.002,0.002,0.2,0.2,inputs/511/Glass-R-D.txt,inputs/511/Glass-T-D.txt
643.0,0.002,0.002,0.2,0.2,inputs/511/Glass-R-D.txt,inputs/511/Glass-T-D.txt
643.5,0.002,0.002,0.2,0.2,inputs/511/Glass-R-D.txt,inputs/511/Glass-T-D.txt
644.0,0.002,0.002,0.2,0.2,inputs/511/Glass-R-D.txt,inputs/511/Glass-T-D.txt
644.5,0.002,0.002,0.2,0.2,inputs/511/Glass-R-D.txt,inputs/511/Glass-T-D.txt
645.0,0.002,0.002,0.2,0.2,inputs/511/Glass-R-D.txt,inputs/511/Glass-T-D.txt
645.5,0.002,0.002,0.2,0.2,inputs/511/Glass-R-D.txt,inputs/511/Glass-T-D.txt
646.0,0.002,0.002,0.2,0.2,inputs/511/Glass-R-D.txt,inputs/511/Glass-T-D.txt
646.5,0.002,0.002,0.2,0.2,inputs/511/Glass-R-D.txt,inputs/511/Glass-T-D.txt
647.0,0.002,0.002,0.2,0.2,inputs/511/Glass-R-D.txt,inputs/511/Glass-T-D.txt
647.5,0.002,0.002,0.2,0.2,inputs/511/Glass-R-D.txt,inputs/511/Glass-T-D.txt
648.0,0.002,0.002,0.2,0.2,inputs/511/Glass-R-D.txt,inputs/511/Glass-T-D.txt
648.5,0.002,0.002,0.2,0.2,inputs/511/Glass-R-D.txt,inputs/511/Glass-T-D.txt
649.0,0.002,0.002,0.2,0.2,inputs/511/Glass-R-D.txt,inputs/511/Glass-T-D.txt
649.5,0.002,0.002,0.2,0.2,inputs/511/Glass-R-D.txt,inputs/511/Glass-T-D.txt
650.0,0.002,0.002,0.2,0.2,inputs/511/Glass-R-D.txt,inputs/511/Glass-T-D.txt
